Model,Crew,Seats,Cruise,Ext1,LTip,LAux,LMain,Center,Center2,Center3,RMain,RAux,RTip,Ext2,GPH,FuelType,MTOW,EmptyWeight,Price
Aermacchi - Lockheed AL-60,0,8,218,0,0,0,0,125,0,0,0,0,0,0,35,100LL,2051,1068,"$421,050.00 "
Aero Design AC500C,0,7,203,0,0,0,30,96,0,0,30,0,0,0,37,100LL,2722,1746,"$326,550.00 "
Aero Design AC680S,0,7,210,0,0,0,60,103,0,0,60,0,0,0,34,100LL,3175,2005,"$342,300.00 "
Aero Design AC690,0,8,200,0,0,0,192,0,0,0,192,0,0,0,60,JetA,4683,2810,"$362,250.00 "
Aero Vodochody L-39,0,2,435,0,0,0,200,300,0,0,200,0,0,0,700,JetA,9233,4980,"$245,000.00 "
Aeronca Champion,0,2,80,0,0,0,0,13,0,0,0,0,0,0,4,100LL,533,325,"$19,800.00 "
Agusta A109,0,8,130,0,0,0,0,91,0,0,0,0,0,0,60,JetA,2722,1930,"$210,000.00 "
Airbus A320,12,150,454,0,0,232,1815,2166,790,790,1815,232,0,0,960,JetA,73500,42220,$0.00 
Airbus A321,12,185,477,0,0,780,2040,2150,0,0,2040,780,0,0,1835,JetA,92986,48038,$0.00 
Aircreation 582SL,0,2,60,0,0,0,0,10,0,0,0,0,0,0,4,100LL,446,168,"$31,800.00 "
Airspeed AS-57 Ambassador ,4,47,260,0,0,0,110,362,362,0,110,0,0,0,310,100LL,23864,16062,"$3,220,500.00 "
Alenia C-27J Spartan,4,50,300,0,0,0,1499,2313,0,0,1499,0,0,0,430,JetA,30500,14620,"$3,928,500.00 "
Alenia C-27J Spartan (IRIS),4,50,300,0,427,1200,0,0,0,0,0,1200,427,0,430,JetA,30500,14620,"$3,928,500.00 "
American Champion Scout,0,3,112,0,0,0,18,0,0,0,18,0,0,0,8,100LL,1005,597,"$25,200.00 "
Antonov An-14,0,8,94,0,0,0,52,0,0,0,52,0,0,0,23,100LL,3630,2600,"$199,380.00 "
Antonov AN-2,0,13,100,0,0,0,158,0,0,0,158,0,0,0,60,100LL,5500,3330,"$297,000.00 "
Antonov An-24,4,50,260,0,0,0,733,0,0,0,733,0,0,0,305,JetA,21000,13800,"$3,303,750.00 "
Antonov An-26 Curl,3,42,237,0,0,100,500,300,0,0,500,100,0,0,350,JetA,20820,13400,"$2,691,830.00 "
Antonov An-28,1,20,180,0,90,0,197,0,0,0,197,0,90,0,108,JetA,6500,4123,"$828,600.00 "
Antonov An-32,4,53,300,0,0,0,920,0,0,0,920,0,0,0,340,JetA,27000,16800,"$4,293,000.00 "
ATR 42-500,3,42,300,0,0,0,758,0,0,0,758,0,0,0,310,JetA,18600,11250,"$3,364,500.00 "
ATR 72-500,6,70,250,0,0,0,660,0,0,0,660,0,0,0,200,JetA,22000,12950,"$4,770,000.00 "
Auster J/1 Autocrat,0,3,95,0,0,0,0,18,0,0,0,0,0,0,6,100LL,839,470,"$79,200.00 "
Australia GAF N22 Nomad,0,14,160,0,0,53,166,0,0,0,166,53,0,0,62,JetA,4989,2925,"$558,900.00 "
Aviat A-1 Husky,0,3,121,0,0,0,26,0,0,0,26,0,0,0,9,100LL,998,652,"$26,850.00 "
Avro Anson MK-1,0,6,155,0,0,35,35,0,0,0,35,35,0,0,42,100LL,3470,2667,"$232,800.00 "
BAC Jet Provost T5,0,2,350,0,57,0,151,0,0,0,151,0,57,0,135,JetA,4173,2222,"$68,250.00 "
BAe 146-100 (Avro RJ70),7,84,420,0,0,0,750,1500,0,0,750,0,0,0,500,JetA,38102,23300,"$9,804,000.00 "
BAe Jetstream 32,1,21,250,0,0,0,280,0,0,0,280,0,0,0,210,JetA,8391,4360,"$1,249,500.00 "
BAe Jetstream 41,2,31,240,0,0,0,439,0,0,0,439,0,0,0,200,JetA,11000,6415,"$1,818,000.00 "
Basler BT-67,3,37,205,0,390,200,202,0,0,0,202,200,390,0,150,JetA,13041,7144,"$1,987,500.00 "
Beagle B 206 Basset,0,6,190,0,0,0,97,0,0,0,97,0,0,0,32,100LL,3232,1979,"$362,400.00 "
Beech Debonair,0,4,161,0,0,0,37,0,0,0,37,0,0,0,12,100LL,1360,791,"$132,300.00 "
Beech Queen Air 80S,0,11,180,0,0,0,71,150,0,0,71,0,0,0,34,100LL,3622,2173,"$504,300.00 "
Beech T-34 Mentor,0,2,180,0,0,0,22,0,0,0,22,0,0,0,15,100LL,1400,1018,"$93,000.00 "
Beechcraft 17,0,5,170,0,0,23,23,29,0,0,23,23,0,0,13,100LL,1941,1113,"$237,150.00 "
Beechcraft 18,0,10,170,0,0,25,76,80,0,0,76,25,0,0,45,100LL,4495,2576,"$411,750.00 "
Beechcraft 1900C,1,21,220,0,0,93,242,0,0,0,242,93,0,0,120,JetA,7579,4422,"$1,032,000.00 "
Beechcraft 1900C Freighter,1,2,220,0,0,93,242,0,0,0,242,93,0,0,120,JetA,7983,4045,"$603,000.00 "
Beechcraft 1900D,1,21,230,0,0,93,242,0,0,0,242,93,0,0,135,JetA,7800,4815,"$1,140,000.00 "
Beechcraft Baron 58,0,6,192,0,0,0,71,0,0,0,71,0,0,0,28,100LL,2556,1774,"$258,600.00 "
Beechcraft Baron 58 - tip tanks (Dreamfleet),0,6,192,0,29,0,71,0,0,0,71,0,29,0,28,100LL,2556,1774,"$258,600.00 "
Beechcraft Bonanza A36,0,6,160,0,0,0,37,0,0,0,37,0,0,0,15,100LL,1750,1148,"$224,250.00 "
Beechcraft Bonanza F33,0,6,160,0,0,0,40,0,0,0,40,0,0,0,12,100LL,1542,1000,"$227,400.00 "
Beechcraft Bonanza V35,0,6,160,0,0,0,40,0,0,0,40,0,0,0,12,100LL,1548,1000,"$227,400.00 "
Beechcraft Duchess 76,0,4,154,0,0,0,52,0,0,0,52,0,0,0,22,100LL,1772,1116,"$161,700.00 "
Beechcraft Duke B60,0,6,160,0,0,0,116,0,0,0,116,0,0,0,40,100LL,3100,2007,"$246,000.00 "
Beechcraft King Air 200,0,14,245,0,0,80,195,0,0,0,195,80,0,0,113,JetA,5670,3675,"$837,000.00 "
Beechcraft King Air 300,0,15,257,0,0,80,190,0,0,0,190,80,0,0,90,JetA,6363,4009,"$984,900.00 "
Beechcraft King Air 350,0,15,248,0,0,80,190,0,0,0,190,80,0,0,142,JetA,6804,4123,"$892,500.00 "
Beechcraft King Air C90,0,12,240,0,0,0,192,0,0,0,192,0,0,0,95,JetA,4581,3005,"$715,350.00 "
Beechcraft Queen Air,0,12,180,0,0,10,0,150,0,0,0,10,0,0,30,100LL,3493,2449,"$562,500.00 "
Beechcraft Royal Turbine Duke B60,0,6,265,0,0,0,130,0,0,0,130,0,0,0,66,JetA,3197,2109,"$407,700.00 "
Beechcraft Twin Bonanza 50,0,8,180,0,0,0,71,0,0,0,71,0,0,0,20,100LL,2710,1778,"$357,000.00 "
Bell 205A-1/UH-1C,0,7,105,0,0,0,0,91,0,0,0,0,0,0,28,JetA,3158,2497,"$159,600.00 "
Bell 206B,0,5,115,0,0,0,0,91,0,0,0,0,0,0,29,JetA,1452,799,"$107,550.00 "
Bell 206L RTW N3911Z,0,2,115,0,0,0,0,242,0,0,0,0,0,0,29,JetA,1500,799,"$107,550.00 "
Bell 212,0,14,100,0,0,0,0,326,0,0,0,0,0,0,137,JetA,5080,2516,"$317,504.00 "
Bell 407,0,7,128,0,0,0,0,127,0,0,0,0,0,0,42,JetA,2268,1178,"$186,300.00 "
Bell 412,0,15,135,0,0,0,0,326,0,0,0,0,0,0,180,JetA,5397,3156,"$307,500.00 "
Bell 430,0,8,139,0,0,0,0,247,0,0,0,0,0,0,65,JetA,4086,2354,"$223,650.00 "
Bell 430 RTW N430Q,0,8,139,0,0,0,24,247,105,0,24,0,0,0,65,JetA,4086,2354,"$223,650.00 "
Bell 47G-2,0,3,80,0,0,0,22,0,0,0,22,0,0,0,13,100LL,1295,788,"$34,350.00 "
Bell UH-1H Huey,0,13,90,0,0,0,0,220,0,0,0,0,0,0,90,JetA,4309,2358,"$256,500.00 "
Bellanca 260,0,4,176,0,0,0,29,0,0,0,29,0,0,0,12,100LL,1136,794,"$145,800.00 "
Beriev BE-103,0,6,135,0,0,0,68,0,0,0,68,0,0,0,30,100LL,2270,1680,"$171,000.00 "
Boeing 221A Monomail,0,6,135,0,0,0,150,0,0,0,150,0,0,0,40,100LL,3629,2067,"$201,000.00 "
Boeing 247D,0,10,164,0,0,0,100,73,0,0,100,0,0,0,50,100LL,7623,4055,$0.00 
Boeing 377,6,75,300,0,0,1520,1770,1210,0,0,1770,1520,0,0,750,100LL,66818,38083,"$5,910,000.00 "
Boeing 727-100/200,12,135,495,0,0,0,1818,2550,1000,1000,1818,0,0,0,1500,JetA,76726,45400,$0.00 
Boeing 737-800,12,162,435,0,0,0,1288,4299,0,0,1288,0,0,0,890,JetA,70535,41145,$0.00 
Boeing B-17G,12,11,210,0,540,425,425,410,410,0,425,425,540,0,205,100LL,29710,16391,"$2,250,000.00 "
Boeing Stearman,0,2,102,0,0,0,0,46,0,0,0,0,0,0,20,100LL,1232,878,"$52,200.00 "
Boeing Vertol CH-47 Chinook,4,46,138,0,0,261,261,0,0,0,261,261,0,0,220,JetA,22680,10150,"$1,699,855.00 "
Bombardier Challenger 300,1,10,458,0,0,0,1194,0,0,0,1194,0,0,0,265,JetA,17622,10773,"$898,350.00 "
Bombardier CL-415,1,11,205,0,0,0,776,2045,0,0,776,0,0,0,380,JetA,21318,10546,"$1,029,646.00 "
Bombardier CRJ-200ER,4,52,437,0,0,0,600,700,0,0,600,0,0,0,350,JetA,23178,9298,"$6,784,163.00 "
Bombardier CRJ700-ER,6,74,455,0,0,0,720,1580,0,0,720,0,0,0,500,JetA,34132,19731,"$9,285,000.00 "
Bombardier Dash-8 Q400,7,78,380,0,0,0,886,0,0,0,886,0,0,0,250,JetA,29256,17185,"$8,526,906.00 "
Bombardier Lear 60,1,11,447,0,0,0,241,835,0,0,241,0,0,0,280,JetA,10660,6641,"$1,779,402.00 "
Bristol Britannia 300,9,105,330,0,0,2410,2004,1476,0,0,2004,2410,0,0,1000,JetA,83912,42469,"$9,075,000.00 "
Bristol Mark 32 Superfreighter,1,20,190,0,120,163,420,0,0,0,420,163,120,0,343,100LL,19958,13585,"$749,850.00 "
Britten Norman BN-2A Mk3-3 Trislander,0,16,145,0,0,0,68,0,0,0,68,0,0,0,66,100LL,4536,2485,"$626,700.00 "
Britten-Norman BN-2B Islander,0,10,132,0,0,0,68,0,0,0,68,0,0,0,30,100LL,2993,1925,"$324,900.00 "
Bucker Jungmann 131,0,2,105,0,0,0,0,23,0,0,0,0,0,0,12,100LL,680,390,"$50,400.00 "
CASA CN235,4,47,245,0,0,347,347,0,0,0,347,347,0,0,136,JetA,16500,9800,"$3,191,700.00 "
Cessna 152 Aerobat,0,3,90,0,0,0,13,0,0,0,13,0,0,0,8,100LL,820,517,"$18,600.00 "
Cessna 162 Skycatcher,0,2,113,0,0,0,13,0,0,0,13,0,0,0,6,100LL,599,382,"$61,500.00 "
Cessna 172 Skyhawk,0,4,100,0,0,0,27,0,0,0,27,0,0,0,10,100LL,1180,748,"$72,600.00 "
Cessna 177 Cardinal,0,4,125,0,0,0,25,0,0,0,25,0,0,0,10,100LL,1133,745,"$102,000.00 "
Cessna 177RG Cardinal,0,4,130,0,0,0,31,0,0,0,31,0,0,0,12,100LL,1270,800,"$104,000.00 "
Cessna 182 Skylane,0,4,125,0,0,0,46,0,0,0,46,0,0,0,14,100LL,1410,821,"$97,800.00 "
Cessna 185 Skywagon,0,6,120,0,0,0,44,0,0,0,44,0,0,0,13,100LL,1519,727,"$197,400.00 "
Cessna 195,0,5,145,0,0,0,40,0,0,0,40,0,0,0,13,100LL,1519,929,"$160,350.00 "
Cessna 206 Stationair,0,6,150,0,0,0,44,0,0,0,44,0,0,0,16,100LL,1633,883,"$208,200.00 "
Cessna 207 Stationair 8,0,8,144,0,0,0,40,0,0,0,40,0,0,0,15,100LL,1724,862,"$286,650.00 "
Cessna 208 Caravan,0,14,182,0,0,0,166,0,0,0,166,0,0,0,50,JetA,3985,2075,"$657,300.00 "
Cessna 210 Centurion,0,6,160,0,0,0,45,0,0,0,45,0,0,0,15,100LL,1800,1023,"$224,250.00 "
Cessna 310,0,6,156,0,0,41,51,0,0,0,51,41,0,0,24,100LL,2585,1642,"$208,800.00 "
Cessna 337 Skymaster,0,6,140,0,0,0,75,0,0,0,75,0,0,0,18,100LL,1996,1204,"$191,100.00 "
Cessna 340A,0,6,217,0,0,31,50,0,0,0,50,31,0,0,30,100LL,2719,1780,"$359,100.00 "
Cessna 404 Titan,0,10,217,0,0,0,174,0,0,0,174,0,0,0,30,100LL,3810,2192,"$554,400.00 "
Cessna 414A Chancellor,0,8,240,0,0,0,100,0,0,0,100,0,0,0,36,100LL,3068,1984,"$538,200.00 "
Cessna 421 Golden Eagle,0,8,230,0,0,0,121,0,0,0,121,0,0,0,30,100LL,3451,2443,"$451,500.00 "
Cessna 441 Conquest II,0,11,230,0,0,0,241,0,0,0,241,0,0,0,60,JetA,4501,2592,"$696,000.00 "
Cessna Citation CJ1,0,8,360,0,0,0,240,0,0,0,240,0,0,0,150,JetA,4808,2930,"$568,500.00 "
Cessna Citation II,0,10,400,0,0,0,371,0,0,0,371,0,0,0,160,JetA,6577,3220,"$732,000.00 "
Cessna Citation X,1,12,450,0,0,0,522,896,0,0,522,0,0,0,200,JetA,16511,9797,"$1,110,000.00 "
Cessna L-19/O-1 Birddog,0,3,125,0,0,0,22,0,0,0,22,0,0,0,8,100LL,1089,682,"$104,100.00 "
Cessna Mustang,0,6,330,0,0,0,193,0,0,0,193,0,0,0,100,JetA,5350,3960,"$390,000.00 "
Cessna T-50 Bobcat,0,5,125,0,0,0,60,0,0,0,60,0,0,0,28,100LL,2591,1841,"$156,000.00 "
Cirrus SR20,0,4,156,0,0,0,28,0,0,0,28,0,0,0,10,100LL,1360,938,"$129,900.00 "
Cirrus SR22 G2,0,4,200,0,0,0,40,0,0,0,40,0,0,0,10,100LL,1545,1023,"$156,000.00 "
Columbia 400,0,4,230,0,0,0,49,0,0,0,49,0,0,0,20,100LL,1636,1136,"$186,000.00 "
Commander 112,0,4,143,0,0,0,24,0,0,0,24,0,0,0,12,100LL,1204,695,"$116,100.00 "
Commander 115,0,4,190,0,0,0,45,0,0,0,45,0,0,0,31,100LL,1500,976,"$138,450.00 "
Consolidated PBY5 Catalina,2,26,115,0,0,0,875,0,0,0,875,0,0,0,110,100LL,16098,9384,"$652,500.00 "
Convair 340/440,4,52,230,0,0,0,863,0,0,0,863,0,0,0,205,100LL,22544,13828,"$3,114,750.00 "
Convair 580,5,56,282,0,0,0,863,0,0,0,863,0,0,0,300,JetA,26371,14772,"$4,133,400.00 "
Curtis C46,4,52,135,0,0,0,703,0,0,0,703,0,0,0,160,100LL,20000,13710,"$1,737,000.00 "
Curtiss Robertson Robin J-1,0,3,100,0,0,0,25,0,0,0,25,0,0,0,12,100LL,910,699,"$77,400.00 "
Dassault Falcon 7X,1,16,480,0,0,0,1756,1809,0,0,1756,0,0,0,600,JetA,31338,15059,"$1,296,000.00 "
DeHavilland Dash 7,4,54,230,0,0,421,310,0,0,0,310,421,0,0,300,JetA,20000,12568,"$3,738,000.00 "
DeHavilland Dash 8 100/200,3,39,260,0,0,0,420,0,0,0,420,0,0,0,200,JetA,16400,10400,"$2,586,000.00 "
DeHavilland Dash 8 Q300,4,55,285,0,0,0,420,0,0,0,420,0,0,0,220,JetA,19500,11791,"$4,437,000.00 "
DeHavilland DH 89 Dragon Rapide,0,9,100,0,0,0,45,0,0,0,45,0,0,0,20,100LL,2494,1330,"$219,000.00 "
DeHavilland DH-82 Tiger Moth,0,2,95,0,0,0,0,20,0,0,0,0,0,0,9,100LL,816,512,"$47,550.00 "
DeHavilland DH104 Dove,0,10,174,0,0,0,101,0,0,0,101,0,0,0,40,100LL,3856,2563,"$427,800.00 "
DeHavilland DH114 Heron,1,16,145,0,0,45,122,0,0,0,122,45,0,0,64,100LL,5909,3704,"$598,800.00 "
DeHavilland DH80A Puss Moth,0,3,108,0,0,0,27,0,0,0,27,0,0,0,7,100LL,930,575,"$77,250.00 "
DeHavilland DHC-1 Chipmunk,0,2,136,0,0,0,30,0,0,0,30,0,0,0,12,100LL,837,537,"$70,200.00 "
DeHavilland DHC-2 Beaver,0,9,109,0,0,0,0,35,35,25,0,0,0,0,18,100LL,2220,1293,"$210,000.00 "
DeHavilland DHC-2 Turbo Beaver,0,9,140,0,0,0,80,80,0,0,23,0,0,0,50,JetA,2727,1268,"$283,500.00 "
DeHavilland DHC-3 Otter,0,14,130,0,0,0,165,0,0,0,165,0,0,0,79,100LL,3629,2110,"$424,050.00 "
DeHavilland DHC-3-T Turbo Otter,0,16,135,0,0,0,85,85,0,0,85,0,0,0,49,JetA,3931,1710,"$596,550.00 "
DeHavilland DHC-4 Caribou,2,32,158,0,0,0,415,0,0,0,415,0,0,0,200,100LL,12954,8293,"$1,152,000.00 "
DeHavilland DHC-5 Buffalo,4,46,240,0,0,0,420,0,0,0,420,0,0,0,215,JetA,22364,11436,"$2,852,250.00 "
DeHavilland DHC-6 300 Twin Otter (Aerosoft Extended),1,21,170,0,37,0,0,181,197,0,0,0,37,0,110,JetA,5669,3265,"$783,000.00 "
DeHavilland DHC-6 Twin Otter,1,21,170,0,0,0,208,0,0,0,208,0,0,0,110,JetA,5669,3265,"$783,000.00 "
Diamond DA-42 Twin Star,0,4,151,0,0,0,26,0,0,0,26,0,0,0,11,JetA,1785,1263,"$116,250.00 "
Diamond DA20 Katana,0,2,95,0,0,0,0,20,0,0,0,0,0,0,5,100LL,757,519,"$31,650.00 "
Diamond DA40D DiamondStar,0,4,135,0,0,0,21,0,0,0,21,0,0,0,5,JetA,1150,735,"$124,350.00 "
Dornier 228,1,21,230,0,0,0,300,0,0,0,300,0,0,0,130,JetA,6400,3258,"$1,270,800.00 "
Dornier 328,2,33,265,0,0,0,300,0,0,0,300,0,0,0,244,JetA,13990,8920,"$2,307,300.00 "
Dornier Do-27 A4,0,6,125,0,0,0,48,0,0,0,48,0,0,0,16,100LL,1572,1052,"$170,700.00 "
Dornier Do-27 B1,0,6,125,0,0,0,28,0,0,0,28,0,0,0,16,100LL,1570,1070,"$170,700.00 "
Douglas A-26,0,9,200,0,290,100,125,0,0,0,0,100,290,0,150,100LL,15909,10168,"$322,500.00 "
Douglas C117D,2,32,170,0,411,200,202,0,0,0,202,200,411,0,85,100LL,14061,8600,"$1,452,750.00 "
Douglas DC-2,1,18,150,0,0,75,0,180,0,0,0,75,0,180,90,100LL,8436,5604,"$595,500.00 "
Douglas DC-2 (FSX),1,18,150,0,0,75,0,180,180,0,0,75,0,0,80,100LL,8436,5604,"$595,500.00 "
Douglas DC-3,2,28,140,0,0,0,202,200,200,0,202,0,0,0,95,100LL,11909,7325,"$1,010,250.00 "
Douglas DC-4,8,86,270,0,0,0,1780,0,0,0,1780,0,0,0,250,100LL,33111,18583,"$6,501,750.00 "
Douglas DC-6,5,56,290,0,0,1342,0,1414,1414,0,0,1342,0,0,350,100LL,47180,28727,"$4,210,500.00 "
Douglas DC-6B,9,97,290,0,0,1342,0,1414,1414,0,0,1342,0,0,350,100LL,49000,28727,"$7,657,050.00 "
Douglas DC-7B,8,95,300,2000,0,1500,0,0,0,0,0,1500,0,2000,460,100LL,64864,26376,"$7,827,000.00 "
Douglas DC-7C,9,105,280,2500,0,1750,0,0,0,0,0,1750,0,2500,520,100LL,64864,33005,"$8,674,500.00 "
Douglas DC-8 (10-40),6,140,480,0,1542,1846,2589,2976,2589,4152,2976,1846,1542,0,2558,JetA,140614,62051,$0.00 
Eclipse 500,0,6,370,0,0,0,115,0,0,0,115,0,0,0,75,JetA,2699,1537,"$587,250.00 "
Embraer 110,1,20,248,0,0,0,227,0,0,0,227,0,0,0,110,JetA,5700,3515,"$1,193,700.00 "
Embraer 120,2,32,260,0,0,0,227,0,0,0,227,0,0,0,140,JetA,11500,7100,"$2,133,000.00 "
Embraer ERJ-135LR,3,39,455,0,0,0,851,0,0,0,851,0,0,0,365,JetA,19999,11499,"$4,865,631.00 "
Embraer ERJ-145LR,4,52,435,0,0,0,851,0,0,0,851,0,0,0,375,JetA,21999,12399,"$6,336,653.00 "
Embraer Legacy 600,1,15,450,217,0,0,845,294,294,0,845,0,0,217,313,JetA,24500,16000,"$1,366,350.00 "
Embraer Phenom 100,0,6,360,0,0,0,209,0,0,0,209,0,0,0,134,JetA,4750,3235,"$507,300.00 "
ERCO Ercoupe 415-C,0,2,80,0,0,0,8,5,0,0,8,0,0,0,6,100LL,572,339,"$41,700.00 "
Eurocopter AS-350 Ecureuil,0,6,131,0,0,0,0,143,0,0,0,0,0,0,30,JetA,2250,1171,"$165,000.00 "
Eurocopter BK117,0,8,130,0,0,0,94,0,0,0,94,0,0,0,60,JetA,3200,1500,"$210,000.00 "
Eurocopter Colibri EC 120,0,5,125,0,0,0,0,121,0,0,0,0,0,0,65,JetA,1318,455,"$81,750.00 "
Eurocopter EC-135,0,8,137,0,0,75,16,0,0,0,17,75,0,0,62,JetA,2910,1455,"$360,779.00 "
Fairchild 24R,0,4,105,0,0,0,20,0,0,0,20,0,0,0,12,100LL,1259,762,"$164,230.00 "
Fairchild C119,6,67,200,0,0,0,202,200,0,0,202,0,0,0,120,100LL,31145,16145,"$3,684,000.00 "
Fairchild C123,2,32,180,0,0,0,722,0,0,0,722,0,0,0,120,100LL,23519,12519,"$1,434,000.00 "
Fairchild Metro III,1,21,248,0,0,0,325,0,0,0,325,0,0,0,120,JetA,7303,4037,"$1,257,600.00 "
Fairchild PT19/26 Cornell,0,2,110,0,0,0,23,0,0,0,23,0,0,0,13,100LL,1173,822,"$52,350.00 "
Fokker F27-500 Friendship,5,57,280,0,0,0,650,0,0,0,650,0,0,0,325,JetA,20409,12243,"$4,371,828.00 "
Ford Tri-Motor,0,9,85,0,0,0,100,31,0,0,100,0,0,0,42,100LL,4610,3000,"$185,400.00 "
Found Bush Hawk,0,5,145,0,0,0,50,0,0,0,50,0,0,0,9,100LL,1588,895,"$164,550.00 "
Gippsland GA8 Airvan,0,8,120,0,0,0,44,0,0,0,44,0,0,0,15,100LL,1815,862,"$236,250.00 "
Globe Swift,0,2,120,0,0,0,25,0,0,0,25,0,0,0,9,100LL,980,500,"$26,550.00 "
Grumman G-44 Widgeon,0,6,130,0,0,0,54,0,0,0,54,0,0,0,20,100LL,2041,1447,"$174,000.00 "
Grumman G21 Goose,0,10,155,0,0,0,170,0,0,0,170,0,0,0,50,100LL,4220,2800,"$412,500.00 "
Grumman HU-16B Albatross,2,30,155,0,0,200,337,0,0,0,338,200,0,0,110,100LL,15227,10227,"$1,126,500.00 "
Grumman S2/C1,0,10,200,0,0,0,273,0,0,0,273,0,0,0,84,100LL,11110,7560,"$451,800.00 "
Grumman Tiger,0,4,140,0,0,0,26,0,0,0,26,0,0,0,11,100LL,1091,588,"$114,450.00 "
Grumman Turbo Goose,0,10,200,0,0,0,211,0,0,0,211,0,0,0,100,JetA,5670,3175,"$495,000.00 "
Hawker 850XP,0,9,465,0,0,0,635,224,0,0,635,0,0,0,240,JetA,12755,7393,"$864,000.00 "
Hawker Siddeley HS-748,4,53,244,0,0,0,865,0,0,0,865,0,0,0,200,JetA,21092,11570,"$3,403,200.00 "
Helio Super Courier H-295/U-10b,0,6,130,0,0,0,60,0,0,0,60,0,0,0,17,100LL,1542,943,"$177,150.00 "
Howard DGA-15,0,5,170,0,0,0,41,0,0,0,41,0,0,0,24,100LL,1972,1236,"$229,800.00 "
Howard Aero 500,0,14,270,0,191,217,350,0,0,0,350,217,191,0,250,100LL,15678,10886,"$790,500.00 "
Hughes/McDonnell Douglas MD500E,0,5,134,0,0,0,0,75,0,0,0,0,0,0,35,JetA,1350,675,"$124,050.00 "
Ilyushin Il-14,2,35,190,0,0,0,465,0,0,0,465,0,0,0,75,100LL,17500,12500,"$1,639,500.00 "
Ilyushin Il-18D,9,100,310,264,855,1271,0,944,1593,944,0,1271,855,264,600,JetA,64000,35000,"$8,430,000.00 "
Junkers Ju-52,1,20,105,0,0,0,317,13,0,0,317,0,0,0,141,100LL,10500,6590,"$439,260.00 "
Junkers W33 EW Flight,2,6,100,0,0,0,300,130,0,0,300,0,0,0,30,100LL,2829,612,"$217,721.00 "
Junkers W33/34,0,6,100,0,0,0,100,31,0,0,100,0,0,0,30,100LL,1678,612,"$217,721.00 "
Kazan Helicopter Plant Mi-17-1V-GA,2,22,129,0,0,0,179,117,0,0,196,0,0,0,117,JetA,11808,7070,"$591,150.00 "
Lake Renegade,0,6,140,0,0,0,38,0,0,0,38,0,0,0,20,100LL,1383,839,"$189,000.00 "
Lancair Legacy,0,2,240,0,0,0,33,0,0,0,33,0,0,0,14,100LL,998,635,"$57,300.00 "
Lancair Legacy IV-P,0,4,230,0,0,0,47,0,0,0,45,0,0,0,21,100LL,1759,1105,"$253,950.00 "
Lear 45,1,10,410,0,0,0,269,359,0,0,269,0,0,0,170,JetA,9276,5318,"$745,500.00 "
Learjet 24B,0,6,330,0,0,0,268,359,0,0,268,0,0,0,250,JetA,6124,3204,"$331,500.00 "
Learjet 24B - Tip Tanks,0,6,330,184,0,0,173,125,0,0,173,0,0,184,250,JetA,6123,3324,"$331,500.00 "
LearJet LJ25D,1,10,455,0,100,0,355,0,0,0,355,0,100,0,120,JetA,6803,3637,"$996,000.00 "
Let L 410 UVP-E,1,21,200,0,53,0,166,0,0,0,166,0,53,0,120,JetA,6614,3964,"$984,000.00 "
Let L 410 UVP-T,0,5,200,0,0,0,166,0,0,0,166,0,0,0,120,JetA,6614,3964,"$114,000.00 "
Liberty XL2,0,2,120,0,0,0,14,0,0,0,14,0,0,0,5,100LL,750,533,"$66,750.00 "
Lockheed C-130 (Capt Sim),5,64,320,1400,1350,910,0,0,1240,1240,0,910,1350,1400,1300,JetA,78900,34300,"$4,467,000.00 "
Lockheed C-130 (Generic),5,64,320,0,0,0,4000,0,0,0,4000,0,0,0,1300,JetA,79000,34350,"$4,467,000.00 "
Lockheed Constellation,5,64,290,1335,0,0,1375,1635,1365,1365,1375,0,0,1335,400,100LL,72727,41306,"$4,854,000.00 "
Lockheed L10A Electra,0,12,161,0,0,0,140,0,0,0,140,0,0,0,48,100LL,4673,2927,"$480,900.00 "
Lockheed L10E Amelia Special,1,5,161,0,0,0,199,0,753,0,199,0,0,0,48,100LL,6520,2927,"$480,900.00 "
Lockheed P-3C (L-188),8,95,330,0,0,471,406,406,0,0,406,471,0,0,360,JetA,50262,30344,"$8,292,000.00 "
Lockheed Vega,0,7,125,0,0,0,96,48,280,130,96,0,0,0,33,100LL,3014,1166,"$190,350.00 "
Luscombe 8A,0,2,78,0,0,0,0,14,0,0,0,0,0,0,4,100LL,572,340,"$19,200.00 "
Martin 404,3,42,260,0,0,0,675,0,0,0,675,0,0,0,200,100LL,20366,14786,"$3,110,583.00 "
Maule M-7,0,5,140,0,0,15,22,0,0,0,22,15,0,0,15,100LL,1250,681,"$152,250.00 "
Messerschmitt Bf 108 B,0,4,144,0,0,0,16,21,0,0,16,0,0,0,16,100LL,1379,863,"$156,000.00 "
Meyers 200D,0,4,141,0,0,20,20,0,0,0,20,20,0,0,14,100LL,1361,900,"$154,500.00 "
Mitsubishi MU-2B,0,9,270,0,90,0,35,154,0,0,35,0,90,0,80,JetA,5250,3470,"$564,000.00 "
Mooney M20 Bravo,0,4,195,0,0,0,48,0,0,0,48,0,0,0,14,100LL,1528,993,"$223,500.00 "
Mooney M20 Juliet,0,4,170,0,0,0,33,0,0,0,33,0,0,0,11,100LL,1243,744,"$192,450.00 "
Morane-Saulnier MS-760,0,4,375,0,0,120,109,217,0,0,109,120,0,0,300,JetA,7409,4939,"$245,000.00 "
New Standard D25A,0,5,90,0,0,0,32,0,0,0,32,0,0,0,14,100LL,1517,932,"$120,300.00 "
Noorduyn Norseman,0,10,130,0,0,0,128,0,0,0,128,0,0,0,18,100LL,3618,2052,"$332,100.00 "
North American B-25,0,10,180,0,0,152,335,215,0,0,335,152,0,0,235,100LL,16363,9610,"$324,000.00 "
North American P-51D Mustang,0,2,240,0,0,75,92,85,0,0,92,75,0,0,65,100LL,5626,3263,"$75,750.00 "
North American T-28 Trojan,0,2,250,0,0,0,88,0,0,0,88,0,0,0,95,100LL,3856,2914,"$50,250.00 "
North American T-39 Sabreliner,1,9,430,0,0,0,575,0,0,0,575,0,0,0,130,JetA,11285,7527,"$994,500.00 "
North American T-6G Texan,0,2,150,0,0,0,90,90,0,0,90,0,0,0,63,100LL,3572,2384,"$77,400.00 "
Pacific Aerospace 750XL,0,10,160,0,0,0,75,0,0,0,77,0,0,0,48,JetA,3402,1393,"$381,600.00 "
Piaggio 166 Albatross,0,6,180,0,0,87,44,59,0,0,44,87,0,0,40,100LL,3950,2700,"$228,000.00 "
Piaggio 180 Avanti,0,9,340,0,0,0,105,105,105,0,105,0,0,0,110,JetA,5240,3400,"$700,500.00 "
Piaggio P-149D,0,4,150,0,0,12,20,0,0,0,20,12,0,0,15,100LL,1824,1167,"$119,250.00 "
Pilatus PC-12,0,11,270,0,0,0,203,0,0,0,203,0,0,0,45,JetA,4500,2605,"$762,750.00 "
Pilatus PC-6 Porter,0,12,120,0,0,64,87,0,0,0,87,64,0,0,40,JetA,2750,1250,"$357,900.00 "
Piper J-3 Cub,0,2,73,0,0,0,0,12,0,0,0,0,0,0,4,100LL,593,308,"$17,700.00 "
Piper PA-12 Super Cruiser RTW,0,3,101,0,0,0,19,50,0,0,19,0,0,0,8,100LL,900,476,"$82,500.00 "
Piper PA-18 Super Cub,0,3,105,0,0,0,18,0,0,0,18,0,0,0,8,100LL,900,476,"$23,100.00 "
Piper PA-20 Pacer,0,4,109,0,0,0,18,0,0,0,18,0,0,0,9,100LL,816,455,"$88,650.00 "
Piper PA-22 Super Pacer,0,4,104,0,0,0,22,0,0,0,22,0,0,0,11,100LL,998,528,"$82,050.00 "
Piper PA-22 Tri-Pacer,0,4,117,0,0,0,18,0,0,0,18,0,0,0,9,100LL,907,528,"$95,850.00 "
Piper PA-23 Apache,0,4,166,0,0,0,36,0,0,0,36,0,0,0,11,100LL,1602,1004,"$137,850.00 "
Piper PA-23 Aztec,0,6,180,0,0,36,36,0,0,0,36,36,0,0,25,100LL,2358,1483,"$243,750.00 "
Piper PA-24 Comanche,0,4,140,0,0,0,45,0,0,0,45,0,0,0,14,100LL,1451,859,"$153,300.00 "
Piper PA-24 Comanche (A2A),0,4,140,0,15,0,30,0,0,0,30,0,15,0,14,100LL,1451,859,"$153,300.00 "
Piper PA-28 Archer,0,4,110,0,0,0,24,0,0,0,24,0,0,0,10,100LL,1156,727,"$88,500.00 "
Piper PA-28 Arrow,0,4,140,0,0,0,37,0,0,0,37,0,0,0,12,100LL,1315,756,"$113,400.00 "
Piper PA-28 Cherokee 180,0,4,110,0,0,0,25,0,0,0,25,0,0,0,10,100LL,1088,555,"$88,500.00 "
Piper PA-28 Dakota,0,4,150,0,0,0,39,0,0,0,39,0,0,0,12,100LL,1360,776,"$122,400.00 "
Piper PA-28 Warrior,0,4,115,0,0,0,24,0,0,0,24,0,0,0,11,100LL,1108,700,"$91,950.00 "
Piper PA-30 Twin Comanche,0,4,165,27,15,15,0,0,0,0,0,15,15,27,16,100LL,1693,1124,"$131,700.00 "
Piper PA-31 Navajo,0,8,162,0,0,40,82,0,0,0,82,40,0,0,25,100LL,3188,1927,"$313,950.00 "
Piper PA-31T Cheyenne II,0,6,275,0,19,0,164,0,0,0,164,0,19,0,107,JetA,4082,2257,"$300,150.00 "
Piper PA-31T1 Cheyenne I/IA,0,6,243,0,19,0,164,0,0,0,164,0,19,0,80,JetA,3946,2318,"$280,500.00 "
Piper PA-31T2 Cheyenne IIXL,0,8,275,0,19,0,164,0,0,0,164,0,19,0,102,JetA,4297,2489,"$470,400.00 "
Piper PA-32 Cherokee Six/ Saratoga,0,6,160,0,0,0,49,0,0,0,49,0,0,0,14,100LL,1640,950,"$225,300.00 "
Piper PA-32 Saratoga TC,0,6,175,0,0,0,51,0,0,0,51,0,0,0,19,100LL,1650,991,"$240,300.00 "
Piper PA-34 Seneca,0,6,187,0,0,32,32,0,0,0,32,32,0,0,24,100LL,2630,1417,"$255,300.00 "
Piper PA-38 Tomahawk,0,2,124,0,0,0,15,0,0,0,15,0,0,0,9,100LL,757,512,"$27,750.00 "
Piper PA-42-1000 Cheyenne 400,0,12,300,0,0,40,250,0,0,0,250,40,0,0,105,JetA,6174,3563,"$879,750.00 "
Piper PA-44 Seminole,0,4,155,0,0,0,54,0,0,0,54,0,0,0,22,100LL,1730,1183,"$162,900.00 "
Piper PA-46 Meridian,0,6,235,0,0,0,85,0,0,0,85,0,0,0,35,JetA,2265,1533,"$351,150.00 "
Piper PA-60 Aerostar,0,6,200,0,0,0,65,85,0,0,65,0,0,0,42,100LL,2883,2111,"$255,900.00 "
PZL Wilga,0,4,90,0,0,0,22,0,0,0,22,0,0,0,10,100LL,1300,890,"$70,500.00 "
Quest Kodiak,0,10,180,0,0,0,160,0,0,0,160,0,0,0,75,JetA,3100,1522,"$407,250.00 "
Rans S-7 Courier,0,2,110,0,0,0,9,0,0,0,9,0,0,0,5,100LL,544,306,"$111,750.00 "
Raytheon Beechjet / Hawker,1,11,400,0,0,0,213,316,0,0,213,0,0,0,160,JetA,7484,4717,"$880,000.00 "
Raytheon Premier1,0,8,400,0,0,0,275,0,0,0,275,0,0,0,135,JetA,5715,3634,"$698,250.00 "
Republic Seabee,0,4,115,0,0,0,0,75,0,0,0,0,0,0,11,100LL,1429,993,"$125,460.00 "
Robin DR400,0,4,140,0,0,0,11,27,0,0,11,0,0,0,14,100LL,1100,638,"$155,460.00 "
Robin/Apex DR221,0,4,115,0,0,0,0,29,0,0,0,0,0,0,7,100LL,930,480,"$96,150.00 "
Robinson R22,0,2,96,0,0,0,19,0,0,0,10,0,0,0,9,100LL,621,376,"$19,350.00 "
Robinson R44,0,4,113,0,0,0,19,0,0,0,11,0,0,0,14,100LL,1090,635,"$87,000.00 "
Rockwell Commander 114,0,4,150,0,0,0,34,0,0,0,34,0,0,0,15,100LL,1424,855,"$152,712.00 "
Ryan L-17 Navion,0,5,125,0,0,0,20,21,0,0,20,0,0,0,15,100LL,1305,831,"$217,919.00 "
Saab 2000,4,52,370,0,0,0,442,0,0,0,442,0,0,0,372,JetA,23000,14500,"$5,261,400.00 "
Saab 340B,3,38,290,0,0,0,433,0,0,0,433,0,0,0,150,JetA,13155,8620,"$2,797,500.00 "
SAAB Scandia 90,2,34,225,0,0,0,400,0,0,0,400,0,0,0,250,100LL,16500,9960,"$1,972,500.00 "
Shorts SD3-60,3,40,240,0,0,0,368,0,0,0,368,0,0,0,360,JetA,11793,6758,"$2,412,000.00 "
Shorts Skyvan,1,19,168,0,0,0,195,0,0,0,195,0,0,0,62,JetA,5670,3341,"$761,700.00 "
SIAI-Marchetti SF260,0,3,170,0,0,18,12,0,0,0,12,18,0,0,15,100LL,1182,796,"$86,250.00 "
SIAI-Marchetti SM.1019A,0,3,180,0,0,0,41,0,0,0,41,0,0,0,40,JetA,1550,690,"$120,000.00 "
Sikorsky S-43,1,18,160,0,0,0,150,50,0,0,150,0,0,0,55,100LL,8662,5783,"$680,250.00 "
Sikorsky S-55,1,14,107,0,0,0,0,250,0,0,0,0,0,0,100,100LL,3720,2381,"$286,295.00 "
Sikorsky S-76,1,14,120,0,0,0,141,0,0,0,141,0,0,0,90,JetA,4773,2695,"$379,500.00 "
Socata TB-10 Tobago,0,4,127,0,0,0,27,0,0,0,27,0,0,0,11,100LL,1150,730,"$102,750.00 "
Socata TB21GT Trinidad,0,4,148,0,0,0,44,0,0,0,44,0,0,0,16,100LL,1400,800,"$116,400.00 "
Socata TBM 700,0,7,255,0,0,0,140,0,0,0,140,0,0,0,50,JetA,2985,1823,"$406,500.00 "
Socata TBM 850,0,7,310,0,0,0,150,0,0,0,150,0,0,0,64,JetA,3353,2081,"$490,800.00 "
Spartan 7W Executive,0,5,187,0,0,0,32,15,16,16,32,0,0,0,26,100LL,1995,1242,"$197,100.00 "
Stinson 108,0,4,105,0,0,0,25,0,0,0,25,0,0,0,10,100LL,1088,599,"$84,000.00 "
Stinson L-5B Sentinel,0,2,80,0,0,0,18,0,0,0,18,0,0,0,7,100LL,929,702,"$40,650.00 "
Stinson Reliant,0,4,124,0,0,0,41,0,0,0,41,0,0,0,14,100LL,1701,1114,"$96,900.00 "
Supermarine Walrus MK 1,0,11,110,0,0,0,90,0,0,0,90,0,0,0,30,100LL,3650,2220,"$331,500.00 "
Tecnam P92 Echo,0,2,105,0,0,0,35,0,0,0,35,0,0,0,12,100LL,580,284,"$100,718.00 "
Tupolev Tu-124,5,58,420,633,125,393,0,1152,0,0,0,393,125,633,500,JetA,38290,22493,"$6,501,750.00 "
Van's RV-7/7A,0,2,180,0,0,0,21,0,0,0,21,0,0,0,12,100LL,816,495,"$41,400.00 "
Vickers Viscount,5,63,285,0,0,240,792,0,0,0,792,240,0,0,285,JetA,31876,16718,"$4,839,000.00 "
Waco Classic YMF,0,3,115,0,0,0,24,0,0,0,24,0,0,0,21,100LL,1474,1136,"$46,950.00 "
Westland Seaking,2,26,120,0,0,0,340,0,0,0,340,0,0,0,175,JetA,9707,6202,"$620,250.00 "
Yakovlev Yak-12A,0,4,120,0,0,0,24,0,0,0,24,0,0,0,18,100LL,1500,1026,"$89,100.00 "
Yakovlev Yak-18T,0,4,120,0,0,0,26,0,0,0,26,0,0,0,11,100LL,1650,1217,"$96,450.00 "
Yakovlev Yak-40,2,32,254,0,0,0,723,0,0,0,723,0,0,0,369,JetA,16100,9400,"$1,990,950.00 "
Zenair CH 801,0,4,106,0,0,0,15,0,0,0,15,0,0,0,10,100LL,1000,522,"$84,900.00 "
Zepplin NT,1,6,70,0,0,0,3,3,0,0,3,0,0,0,51,100LL,600,60,"$42,450.00 "
Zlin Z-43,0,4,123,0,0,0,16,0,0,0,16,0,0,0,14,100LL,1350,830,"$96,000.00 "
